,Fecha,codigoSerial,pm2.5,calidad_pm2.5,pm10,calidad_pm10
0,2019-05-01 00:00:00,12,23.0,1.0,33.0,1.0
1,2019-05-01 01:00:00,12,27.0,1.0,48.0,1.0
2,2019-05-01 02:00:00,12,28.0,1.0,47.0,1.0
3,2019-05-01 03:00:00,12,29.0,1.0,42.0,1.0
4,2019-05-01 04:00:00,12,33.0,1.0,53.0,1.0
5,2019-05-01 05:00:00,12,27.0,1.0,48.0,1.0
6,2019-05-01 06:00:00,12,33.0,1.0,44.0,1.0
7,2019-05-01 07:00:00,12,33.0,1.0,56.0,1.0
8,2019-05-01 08:00:00,12,35.0,1.0,54.0,1.0
9,2019-05-01 09:00:00,12,24.0,1.0,48.0,1.0
10,2019-05-01 10:00:00,12,24.0,1.0,38.0,1.0
11,2019-05-01 11:00:00,12,40.0,1.0,57.0,1.0
12,2019-05-01 12:00:00,12,44.0,1.0,59.0,1.0
13,2019-05-01 13:00:00,12,18.0,1.0,29.0,1.0
14,2019-05-01 14:00:00,12,17.0,1.0,26.0,1.0
15,2019-05-01 15:00:00,12,19.0,1.0,36.0,1.0
16,2019-05-01 16:00:00,12,14.0,1.0,30.0,1.0
17,2019-05-01 17:00:00,12,12.0,1.0,27.0,1.0
18,2019-05-01 18:00:00,12,15.0,1.0,31.0,1.0
19,2019-05-01 19:00:00,12,23.0,1.0,40.0,1.0
20,2019-05-01 20:00:00,12,14.0,1.0,37.0,1.0
21,2019-05-01 21:00:00,12,22.0,1.0,51.0,1.0
22,2019-05-01 22:00:00,12,31.0,1.0,46.0,1.0
23,2019-05-01 23:00:00,12,30.0,2.3,49.0,1.0
24,2019-05-02 00:00:00,12,37.0,1.0,44.0,1.0
25,2019-05-02 01:00:00,12,37.0,1.0,48.0,1.0
26,2019-05-02 02:00:00,12,26.0,1.0,40.0,1.0
27,2019-05-02 03:00:00,12,21.0,1.0,43.0,1.0
28,2019-05-02 04:00:00,12,24.0,1.0,42.0,1.0
29,2019-05-02 05:00:00,12,26.0,1.0,47.0,1.0
30,2019-05-02 06:00:00,12,43.0,1.0,72.0,1.0
31,2019-05-02 07:00:00,12,45.0,1.0,73.0,1.0
32,2019-05-02 08:00:00,12,44.0,1.0,79.0,1.0
33,2019-05-02 09:00:00,12,43.0,1.0,69.0,1.0
34,2019-05-02 10:00:00,12,38.0,1.0,70.0,1.0
35,2019-05-02 11:00:00,12,54.0,1.0,73.0,1.0
36,2019-05-02 12:00:00,12,56.0,1.0,72.0,1.0
37,2019-05-02 13:00:00,12,31.0,1.0,45.0,1.0
38,2019-05-02 14:00:00,12,26.0,1.0,42.0,1.0
39,2019-05-02 15:00:00,12,26.0,1.0,43.0,1.0
40,2019-05-02 16:00:00,12,25.0,1.0,35.0,1.0
41,2019-05-02 17:00:00,12,20.0,1.0,33.0,1.0
42,2019-05-02 18:00:00,12,24.0,1.0,61.0,1.0
43,2019-05-02 19:00:00,12,30.0,1.0,72.0,1.0
44,2019-05-02 20:00:00,12,33.0,1.0,81.0,1.0
45,2019-05-02 21:00:00,12,19.0,1.0,48.0,1.0
46,2019-05-02 22:00:00,12,24.0,1.0,53.0,1.0
47,2019-05-02 23:00:00,12,38.0,1.0,45.0,1.0
48,2019-05-03 00:00:00,12,24.0,1.0,39.0,1.0
49,2019-05-03 01:00:00,12,22.0,1.0,41.0,1.0
50,2019-05-03 02:00:00,12,17.0,1.0,35.0,1.0
51,2019-05-03 03:00:00,12,27.0,1.0,31.0,1.0
52,2019-05-03 04:00:00,12,25.0,1.0,38.0,1.0
53,2019-05-03 05:00:00,12,30.0,1.0,50.0,1.0
54,2019-05-03 06:00:00,12,38.0,1.0,60.0,1.0
55,2019-05-03 07:00:00,12,54.0,1.0,80.0,1.0
56,2019-05-03 08:00:00,12,43.0,1.0,63.0,1.0
57,2019-05-03 09:00:00,12,39.0,1.0,79.0,1.0
58,2019-05-03 10:00:00,12,33.0,1.0,69.0,1.0
59,2019-05-03 11:00:00,12,47.0,1.0,79.0,1.0
60,2019-05-03 12:00:00,12,55.0,1.0,87.0,1.0
61,2019-05-03 13:00:00,12,32.0,1.0,42.0,1.0
62,2019-05-03 14:00:00,12,32.0,1.0,32.0,1.0
63,2019-05-03 15:00:00,12,28.0,1.0,39.0,1.0
64,2019-05-03 16:00:00,12,25.0,1.0,46.0,1.0
65,2019-05-03 17:00:00,12,27.0,1.0,53.0,1.0
66,2019-05-03 18:00:00,12,41.0,1.0,76.0,1.0
67,2019-05-03 19:00:00,12,37.0,1.0,84.0,1.0
68,2019-05-03 20:00:00,12,39.0,1.0,77.0,1.0
69,2019-05-03 21:00:00,12,32.0,1.0,65.0,1.0
70,2019-05-03 22:00:00,12,38.0,1.0,67.0,1.0
71,2019-05-03 23:00:00,12,33.0,1.0,52.0,1.0
72,2019-05-04 00:00:00,12,46.0,1.0,63.0,2.3
73,2019-05-04 01:00:00,12,38.0,1.0,58.0,1.0
74,2019-05-04 02:00:00,12,40.0,1.0,64.0,2.3
75,2019-05-04 03:00:00,12,30.0,1.0,46.0,1.0
76,2019-05-04 04:00:00,12,35.0,1.0,49.0,1.0
77,2019-05-04 05:00:00,12,32.0,1.0,51.0,1.0
78,2019-05-04 06:00:00,12,36.0,1.0,56.0,1.0
79,2019-05-04 07:00:00,12,48.0,1.0,69.0,1.0
80,2019-05-04 08:00:00,12,48.0,1.0,84.0,1.0
81,2019-05-04 09:00:00,12,52.0,1.0,92.0,1.0
82,2019-05-04 10:00:00,12,40.0,1.0,70.0,1.0
83,2019-05-04 11:00:00,12,35.0,1.0,82.0,1.0
84,2019-05-04 12:00:00,12,45.0,1.0,87.0,1.0
85,2019-05-04 13:00:00,12,50.0,1.0,80.0,1.0
86,2019-05-04 14:00:00,12,36.0,1.0,60.0,1.0
87,2019-05-04 15:00:00,12,32.0,1.0,52.0,1.0
88,2019-05-04 16:00:00,12,34.0,1.0,76.0,2.3
89,2019-05-04 17:00:00,12,36.0,1.0,67.0,1.0
90,2019-05-04 18:00:00,12,37.0,1.0,78.0,1.0
91,2019-05-04 19:00:00,12,38.0,1.0,74.0,1.0
92,2019-05-04 20:00:00,12,35.0,1.0,70.0,1.0
93,2019-05-04 21:00:00,12,30.0,1.0,50.0,1.0
94,2019-05-04 22:00:00,12,29.0,1.0,48.0,1.0
95,2019-05-04 23:00:00,12,23.0,1.0,42.0,1.0
96,2019-05-05 00:00:00,12,20.0,1.0,35.0,1.0
97,2019-05-05 01:00:00,12,25.0,1.0,39.0,1.0
98,2019-05-05 02:00:00,12,31.0,1.0,54.0,1.0
99,2019-05-05 03:00:00,12,33.0,1.0,49.0,1.0
100,2019-05-05 04:00:00,12,29.0,1.0,46.0,1.0
101,2019-05-05 05:00:00,12,30.0,1.0,39.0,1.0
102,2019-05-05 06:00:00,12,32.0,1.0,46.0,1.0
103,2019-05-05 07:00:00,12,43.0,1.0,54.0,1.0
104,2019-05-05 08:00:00,12,40.0,1.0,56.0,1.0
105,2019-05-05 09:00:00,12,38.0,1.0,48.0,1.0
106,2019-05-05 10:00:00,12,35.0,1.0,56.0,1.0
107,2019-05-05 11:00:00,12,40.0,1.0,56.0,1.0
108,2019-05-05 12:00:00,12,38.0,1.0,43.0,1.0
109,2019-05-05 13:00:00,12,26.0,1.0,43.0,1.0
110,2019-05-05 14:00:00,12,20.0,1.0,34.0,1.0
111,2019-05-05 15:00:00,12,16.0,1.0,52.0,1.0
112,2019-05-05 16:00:00,12,15.0,1.0,22.0,1.0
113,2019-05-05 17:00:00,12,23.0,1.0,46.0,1.0
114,2019-05-05 18:00:00,12,3.0,2.1,28.0,1.0
115,2019-05-05 19:00:00,12,9.0,1.0,27.0,2.1
116,2019-05-05 20:00:00,12,9.0,1.0,27.0,1.0
117,2019-05-05 21:00:00,12,23.0,1.0,43.0,1.0
118,2019-05-05 22:00:00,12,21.0,1.0,40.0,1.0
119,2019-05-05 23:00:00,12,10.0,1.0,47.0,1.0
120,2019-05-06 00:00:00,12,19.0,1.0,29.0,1.0
121,2019-05-06 01:00:00,12,18.0,1.0,32.0,1.0
122,2019-05-06 02:00:00,12,23.0,1.0,27.0,1.0
123,2019-05-06 03:00:00,12,21.0,1.0,34.0,1.0
124,2019-05-06 04:00:00,12,25.0,1.0,36.0,1.0
125,2019-05-06 05:00:00,12,25.0,1.0,43.0,1.0
126,2019-05-06 06:00:00,12,41.0,1.0,72.0,1.0
127,2019-05-06 07:00:00,12,44.0,1.0,72.0,1.0
128,2019-05-06 08:00:00,12,61.0,2.2,90.0,1.0
129,2019-05-06 09:00:00,12,38.0,1.0,71.0,1.0
130,2019-05-06 10:00:00,12,20.0,1.0,52.0,1.0
131,2019-05-06 11:00:00,12,43.0,1.0,65.0,1.0
132,2019-05-06 12:00:00,12,45.0,1.0,47.0,1.0
133,2019-05-06 13:00:00,12,25.0,1.0,34.0,1.0
134,2019-05-06 14:00:00,12,20.0,1.0,34.0,1.0
135,2019-05-06 15:00:00,12,11.0,1.0,26.0,1.0
136,2019-05-06 16:00:00,12,15.0,1.0,30.0,1.0
137,2019-05-06 17:00:00,12,18.0,1.0,37.0,1.0
138,2019-05-06 18:00:00,12,10.0,1.0,39.0,1.0
139,2019-05-06 19:00:00,12,23.0,1.0,73.0,1.0
140,2019-05-06 20:00:00,12,24.0,1.0,64.0,1.0
141,2019-05-06 21:00:00,12,18.0,1.0,44.0,1.0
142,2019-05-06 22:00:00,12,17.0,1.0,50.0,1.0
143,2019-05-06 23:00:00,12,16.0,1.0,39.0,1.0
144,2019-05-07 00:00:00,12,9.0,1.0,27.0,1.0
145,2019-05-07 01:00:00,12,7.0,2.1,28.0,1.0
146,2019-05-07 02:00:00,12,5.0,2.1,29.0,1.0
147,2019-05-07 03:00:00,12,17.0,1.0,33.0,1.0
148,2019-05-07 04:00:00,12,12.0,1.0,28.0,1.0
149,2019-05-07 05:00:00,12,20.0,1.0,38.0,1.0
150,2019-05-07 06:00:00,12,29.0,1.0,51.0,1.0
151,2019-05-07 07:00:00,12,35.0,1.0,68.0,1.0
152,2019-05-07 08:00:00,12,32.0,1.0,66.0,1.0
153,2019-05-07 09:00:00,12,47.0,1.0,86.0,1.0
154,2019-05-07 10:00:00,12,36.0,1.0,65.0,1.0
155,2019-05-07 11:00:00,12,40.0,1.0,78.0,1.0
156,2019-05-07 12:00:00,12,45.0,1.0,69.0,1.0
157,2019-05-07 13:00:00,12,39.0,1.0,53.0,1.0
158,2019-05-07 14:00:00,12,28.0,1.0,33.0,1.0
159,2019-05-07 15:00:00,12,17.0,1.0,37.0,1.0
160,2019-05-07 16:00:00,12,11.0,1.0,24.0,1.0
161,2019-05-07 17:00:00,12,15.0,1.0,29.0,1.0
162,2019-05-07 18:00:00,12,13.0,1.0,43.0,1.0
163,2019-05-07 19:00:00,12,19.0,1.0,59.0,1.0
164,2019-05-07 20:00:00,12,21.0,1.0,57.0,1.0
165,2019-05-07 21:00:00,12,14.0,1.0,38.0,1.0
166,2019-05-07 22:00:00,12,12.0,1.0,34.0,1.0
167,2019-05-07 23:00:00,12,9.0,1.0,37.0,1.0
168,2019-05-08 00:00:00,12,11.0,1.0,30.0,1.0
169,2019-05-08 01:00:00,12,12.0,1.0,22.0,1.0
170,2019-05-08 02:00:00,12,15.0,1.0,28.0,1.0
171,2019-05-08 03:00:00,12,15.0,1.0,19.0,1.0
172,2019-05-08 04:00:00,12,16.0,1.0,25.0,1.0
173,2019-05-08 05:00:00,12,18.0,1.0,29.0,1.0
174,2019-05-08 06:00:00,12,23.0,1.0,37.0,1.0
175,2019-05-08 07:00:00,12,17.0,2.1,39.0,1.0
176,2019-05-08 08:00:00,12,29.0,1.0,52.0,1.0
177,2019-05-08 09:00:00,12,29.0,1.0,72.0,1.0
178,2019-05-08 10:00:00,12,20.0,1.0,49.0,1.0
179,2019-05-08 11:00:00,12,20.0,1.0,40.0,1.0
180,2019-05-08 12:00:00,12,19.0,1.0,36.0,1.0
181,2019-05-08 13:00:00,12,23.0,1.0,40.0,1.0
182,2019-05-08 14:00:00,12,22.0,1.0,41.0,1.0
183,2019-05-08 15:00:00,12,32.0,1.0,55.0,1.0
184,2019-05-08 16:00:00,12,24.0,1.0,60.0,1.0
185,2019-05-08 17:00:00,12,41.0,1.0,82.0,1.0
186,2019-05-08 18:00:00,12,40.0,1.0,80.0,1.0
187,2019-05-08 19:00:00,12,42.0,1.0,94.0,1.0
188,2019-05-08 20:00:00,12,39.0,1.0,83.0,1.0
189,2019-05-08 21:00:00,12,49.0,1.0,103.0,2.3
190,2019-05-08 22:00:00,12,46.0,1.0,87.0,2.3
191,2019-05-08 23:00:00,12,47.0,1.0,87.0,2.3
192,2019-05-09 00:00:00,12,37.0,1.0,63.0,1.0
193,2019-05-09 01:00:00,12,39.0,1.0,72.0,1.0
194,2019-05-09 02:00:00,12,36.0,1.0,55.0,1.0
195,2019-05-09 03:00:00,12,32.0,1.0,66.0,1.0
196,2019-05-09 04:00:00,12,35.0,1.0,74.0,1.0
197,2019-05-09 05:00:00,12,30.0,1.0,74.0,1.0
198,2019-05-09 06:00:00,12,38.0,1.0,65.0,1.0
199,2019-05-09 07:00:00,12,63.0,1.0,118.0,2.3
200,2019-05-09 08:00:00,12,57.0,1.0,96.0,1.0
201,2019-05-09 09:00:00,12,65.0,1.0,116.0,1.0
202,2019-05-09 10:00:00,12,74.0,2.3,109.0,1.0
203,2019-05-09 11:00:00,12,79.0,2.3,100.0,1.0
204,2019-05-09 12:00:00,12,60.0,1.0,94.0,1.0
205,2019-05-09 13:00:00,12,42.0,1.0,88.0,1.0
206,2019-05-09 14:00:00,12,34.0,1.0,63.0,1.0
208,2019-05-09 16:00:00,12,52.0,1.0,86.0,1.0
209,2019-05-09 17:00:00,12,26.0,1.0,45.0,1.0
210,2019-05-09 18:00:00,12,46.0,1.0,59.0,1.0
211,2019-05-09 19:00:00,12,31.0,1.0,42.0,1.0
212,2019-05-09 20:00:00,12,18.0,1.0,41.0,1.0
213,2019-05-09 21:00:00,12,4.0,2.1,22.0,2.1
214,2019-05-09 22:00:00,12,9.0,1.0,20.0,1.0
215,2019-05-09 23:00:00,12,12.0,1.0,16.0,2.1
216,2019-05-10 00:00:00,12,8.0,1.0,16.0,2.1
217,2019-05-10 01:00:00,12,9.0,2.1,13.0,2.1
218,2019-05-10 02:00:00,12,12.0,1.0,19.0,1.0
219,2019-05-10 03:00:00,12,18.0,1.0,22.0,1.0
220,2019-05-10 04:00:00,12,16.0,1.0,19.0,1.0
221,2019-05-10 05:00:00,12,11.0,2.1,17.0,2.1
222,2019-05-10 06:00:00,12,14.0,1.0,25.0,1.0
223,2019-05-10 07:00:00,12,37.0,1.0,44.0,1.0
224,2019-05-10 08:00:00,12,30.0,1.0,49.0,1.0
225,2019-05-10 09:00:00,12,27.0,1.0,41.0,1.0
226,2019-05-10 10:00:00,12,32.0,1.0,43.0,1.0
227,2019-05-10 11:00:00,12,22.0,1.0,47.0,1.0
229,2019-05-10 13:00:00,12,30.0,1.0,51.0,1.0
230,2019-05-10 14:00:00,12,21.0,1.0,43.0,1.0
231,2019-05-10 15:00:00,12,11.0,1.0,32.0,1.0
232,2019-05-10 16:00:00,12,18.0,1.0,31.0,1.0
233,2019-05-10 17:00:00,12,12.0,1.0,28.0,1.0
234,2019-05-10 18:00:00,12,17.0,1.0,56.0,1.0
235,2019-05-10 19:00:00,12,26.0,1.0,55.0,1.0
236,2019-05-10 20:00:00,12,7.0,1.0,45.0,1.0
237,2019-05-10 21:00:00,12,16.0,1.0,49.0,1.0
238,2019-05-10 22:00:00,12,22.0,1.0,37.0,1.0
239,2019-05-10 23:00:00,12,22.0,1.0,34.0,1.0
240,2019-05-11 00:00:00,12,22.0,1.0,32.0,1.0
241,2019-05-11 01:00:00,12,17.0,1.0,27.0,1.0
244,2019-05-11 04:00:00,12,0.0,2.1,15.0,2.1
245,2019-05-11 05:00:00,12,3.0,2.1,22.0,1.0
246,2019-05-11 06:00:00,12,6.0,2.1,20.0,2.1
247,2019-05-11 07:00:00,12,21.0,1.0,41.0,1.0
248,2019-05-11 08:00:00,12,28.0,1.0,53.0,1.0
249,2019-05-11 09:00:00,12,31.0,1.0,69.0,1.0
250,2019-05-11 10:00:00,12,24.0,1.0,50.0,1.0
251,2019-05-11 11:00:00,12,30.0,1.0,47.0,1.0
253,2019-05-11 13:00:00,12,34.0,1.0,65.0,1.0
254,2019-05-11 14:00:00,12,31.0,1.0,50.0,1.0
255,2019-05-11 15:00:00,12,32.0,1.0,60.0,1.0
256,2019-05-11 16:00:00,12,23.0,1.0,38.0,1.0
257,2019-05-11 17:00:00,12,21.0,1.0,35.0,1.0
258,2019-05-11 18:00:00,12,16.0,1.0,43.0,1.0
259,2019-05-11 19:00:00,12,20.0,1.0,35.0,1.0
260,2019-05-11 20:00:00,12,17.0,1.0,31.0,1.0
261,2019-05-11 21:00:00,12,15.0,1.0,25.0,1.0
262,2019-05-11 22:00:00,12,15.0,1.0,28.0,1.0
263,2019-05-11 23:00:00,12,14.0,1.0,28.0,1.0
264,2019-05-12 00:00:00,12,10.0,1.0,11.0,2.1
265,2019-05-12 01:00:00,12,17.0,1.0,18.0,2.1
266,2019-05-12 02:00:00,12,9.0,2.1,11.0,2.1
267,2019-05-12 03:00:00,12,14.0,1.0,17.0,1.0
268,2019-05-12 04:00:00,12,12.0,1.0,21.0,1.0
269,2019-05-12 05:00:00,12,14.0,1.0,17.0,2.1
270,2019-05-12 06:00:00,12,15.0,1.0,21.0,2.1
271,2019-05-12 07:00:00,12,19.0,1.0,30.0,2.1
272,2019-05-12 08:00:00,12,14.0,2.1,31.0,2.1
273,2019-05-12 09:00:00,12,23.0,1.0,38.0,1.0
274,2019-05-12 10:00:00,12,20.0,1.0,39.0,1.0
275,2019-05-12 11:00:00,12,27.0,1.0,43.0,1.0
277,2019-05-12 13:00:00,12,34.0,1.0,35.0,1.0
278,2019-05-12 14:00:00,12,30.0,1.0,58.0,1.0
279,2019-05-12 15:00:00,12,22.0,1.0,42.0,1.0
280,2019-05-12 16:00:00,12,24.0,1.0,30.0,1.0
281,2019-05-12 17:00:00,12,20.0,1.0,26.0,1.0
282,2019-05-12 18:00:00,12,22.0,1.0,41.0,1.0
283,2019-05-12 19:00:00,12,6.0,2.1,28.0,2.1
284,2019-05-12 20:00:00,12,2.0,2.1,15.0,2.1
285,2019-05-12 21:00:00,12,2.0,2.1,18.0,2.1
286,2019-05-12 22:00:00,12,6.0,2.1,21.0,1.0
287,2019-05-12 23:00:00,12,5.0,1.0,21.0,2.1
288,2019-05-13 00:00:00,12,11.0,1.0,19.0,1.0
289,2019-05-13 01:00:00,12,7.0,2.1,15.0,2.1
290,2019-05-13 02:00:00,12,5.0,2.1,27.0,1.0
291,2019-05-13 03:00:00,12,3.0,2.1,21.0,1.0
292,2019-05-13 04:00:00,12,2.0,2.1,26.0,1.0
293,2019-05-13 05:00:00,12,15.0,1.0,30.0,1.0
294,2019-05-13 06:00:00,12,17.0,1.0,45.0,1.0
295,2019-05-13 07:00:00,12,24.0,1.0,45.0,1.0
296,2019-05-13 08:00:00,12,35.0,1.0,53.0,1.0
297,2019-05-13 09:00:00,12,35.0,1.0,51.0,1.0
298,2019-05-13 10:00:00,12,27.0,1.0,46.0,1.0
299,2019-05-13 11:00:00,12,27.0,1.0,44.0,1.0
300,2019-05-13 12:00:00,12,37.0,1.0,51.0,1.0
301,2019-05-13 13:00:00,12,28.0,1.0,71.0,1.0
302,2019-05-13 14:00:00,12,31.0,1.0,50.0,1.0
303,2019-05-13 15:00:00,12,29.0,1.0,54.0,1.0
304,2019-05-13 16:00:00,12,27.0,1.0,47.0,1.0
305,2019-05-13 17:00:00,12,15.0,1.0,38.0,1.0
306,2019-05-13 18:00:00,12,14.0,1.0,29.0,1.0
307,2019-05-13 19:00:00,12,15.0,1.0,34.0,1.0
308,2019-05-13 20:00:00,12,17.0,1.0,37.0,1.0
309,2019-05-13 21:00:00,12,9.0,1.0,22.0,2.1
310,2019-05-13 22:00:00,12,5.0,2.1,12.0,2.1
312,2019-05-14 00:00:00,12,3.0,2.1,13.0,2.1
313,2019-05-14 01:00:00,12,3.0,2.1,13.0,2.1
315,2019-05-14 03:00:00,12,0.0,2.1,11.0,2.1
316,2019-05-14 04:00:00,12,1.0,2.1,16.0,2.1
317,2019-05-14 05:00:00,12,8.0,2.1,24.0,1.0
318,2019-05-14 06:00:00,12,32.0,1.0,39.0,1.0
319,2019-05-14 07:00:00,12,36.0,1.0,49.0,1.0
320,2019-05-14 08:00:00,12,44.0,1.0,78.0,1.0
321,2019-05-14 09:00:00,12,50.0,1.0,87.0,1.0
322,2019-05-14 10:00:00,12,40.0,1.0,70.0,1.0
323,2019-05-14 11:00:00,12,29.0,1.0,59.0,1.0
324,2019-05-14 12:00:00,12,48.0,1.0,50.0,1.0
325,2019-05-14 13:00:00,12,32.0,1.0,65.0,1.0
326,2019-05-14 14:00:00,12,24.0,1.0,49.0,1.0
327,2019-05-14 15:00:00,12,18.0,1.0,43.0,1.0
328,2019-05-14 16:00:00,12,14.0,1.0,30.0,1.0
329,2019-05-14 17:00:00,12,11.0,1.0,36.0,1.0
330,2019-05-14 18:00:00,12,9.0,1.0,22.0,2.1
331,2019-05-14 19:00:00,12,15.0,1.0,45.0,1.0
332,2019-05-14 20:00:00,12,11.0,1.0,43.0,1.0
333,2019-05-14 21:00:00,12,14.0,1.0,34.0,1.0
334,2019-05-14 22:00:00,12,10.0,1.0,29.0,1.0
335,2019-05-14 23:00:00,12,5.0,1.0,21.0,2.1
336,2019-05-15 00:00:00,12,1.0,2.1,19.0,1.0
338,2019-05-15 02:00:00,12,4.0,2.1,6.0,2.1
339,2019-05-15 03:00:00,12,4.0,2.1,21.0,1.0
340,2019-05-15 04:00:00,12,6.0,2.1,11.0,2.1
341,2019-05-15 05:00:00,12,17.0,1.0,38.0,1.0
342,2019-05-15 06:00:00,12,27.0,1.0,58.0,1.0
343,2019-05-15 07:00:00,12,39.0,1.0,71.0,1.0
344,2019-05-15 08:00:00,12,45.0,1.0,85.0,1.0
345,2019-05-15 09:00:00,12,34.0,1.0,73.0,1.0
346,2019-05-15 10:00:00,12,36.0,1.0,50.0,1.0
347,2019-05-15 11:00:00,12,33.0,1.0,56.0,1.0
348,2019-05-15 12:00:00,12,44.0,1.0,52.0,1.0
349,2019-05-15 13:00:00,12,34.0,1.0,63.0,1.0
350,2019-05-15 14:00:00,12,29.0,1.0,50.0,1.0
351,2019-05-15 15:00:00,12,23.0,1.0,47.0,1.0
352,2019-05-15 16:00:00,12,27.0,1.0,41.0,1.0
353,2019-05-15 17:00:00,12,25.0,1.0,45.0,1.0
354,2019-05-15 18:00:00,12,21.0,1.0,46.0,1.0
355,2019-05-15 19:00:00,12,22.0,1.0,40.0,1.0
356,2019-05-15 20:00:00,12,9.0,1.0,38.0,1.0
357,2019-05-15 21:00:00,12,14.0,1.0,26.0,1.0
358,2019-05-15 22:00:00,12,15.0,1.0,35.0,1.0
359,2019-05-15 23:00:00,12,13.0,1.0,26.0,1.0
361,2019-05-16 01:00:00,12,14.0,1.0,20.0,1.0
362,2019-05-16 02:00:00,12,10.0,1.0,27.0,1.0
363,2019-05-16 03:00:00,12,19.0,1.0,44.0,1.0
364,2019-05-16 04:00:00,12,24.0,1.0,45.0,1.0
365,2019-05-16 05:00:00,12,26.0,1.0,57.0,1.0
366,2019-05-16 06:00:00,12,39.0,1.0,74.0,1.0
367,2019-05-16 07:00:00,12,33.0,1.0,70.0,1.0
368,2019-05-16 08:00:00,12,51.0,1.0,104.0,1.0
369,2019-05-16 09:00:00,12,47.0,1.0,76.0,1.0
370,2019-05-16 10:00:00,12,42.0,1.0,58.0,1.0
372,2019-05-16 12:00:00,12,35.0,1.0,75.0,1.0
373,2019-05-16 13:00:00,12,23.0,1.0,49.0,1.0
374,2019-05-16 14:00:00,12,27.0,1.0,48.0,1.0
375,2019-05-16 15:00:00,12,22.0,1.0,61.0,1.0
376,2019-05-16 16:00:00,12,19.0,1.0,56.0,1.0
377,2019-05-16 17:00:00,12,10.0,1.0,38.0,1.0
378,2019-05-16 18:00:00,12,30.0,1.0,51.0,1.0
379,2019-05-16 19:00:00,12,21.0,1.0,54.0,1.0
380,2019-05-16 20:00:00,12,42.0,2.3,77.0,2.3
381,2019-05-16 21:00:00,12,34.0,1.0,67.0,1.0
382,2019-05-16 22:00:00,12,20.0,1.0,53.0,1.0
383,2019-05-16 23:00:00,12,24.0,1.0,44.0,1.0
384,2019-05-17 00:00:00,12,23.0,1.0,48.0,1.0
385,2019-05-17 01:00:00,12,31.0,1.0,50.0,2.3
386,2019-05-17 02:00:00,12,27.0,1.0,36.0,1.0
387,2019-05-17 03:00:00,12,8.0,2.1,22.0,1.0
388,2019-05-17 04:00:00,12,11.0,1.0,18.0,1.0
389,2019-05-17 05:00:00,12,10.0,2.1,23.0,1.0
390,2019-05-17 06:00:00,12,13.0,1.0,26.0,1.0
391,2019-05-17 07:00:00,12,25.0,1.0,35.0,1.0
392,2019-05-17 08:00:00,12,26.0,1.0,41.0,1.0
393,2019-05-17 09:00:00,12,20.0,1.0,47.0,1.0
394,2019-05-17 10:00:00,12,25.0,1.0,37.0,1.0
395,2019-05-17 11:00:00,12,30.0,1.0,40.0,1.0
397,2019-05-17 13:00:00,12,25.0,1.0,55.0,1.0
399,2019-05-17 15:00:00,12,32.0,1.0,42.0,1.0
400,2019-05-17 16:00:00,12,36.0,1.0,41.0,1.0
401,2019-05-17 17:00:00,12,29.0,1.0,50.0,1.0
402,2019-05-17 18:00:00,12,36.0,1.0,74.0,1.0
403,2019-05-17 19:00:00,12,30.0,1.0,44.0,1.0
404,2019-05-17 20:00:00,12,25.0,1.0,35.0,1.0
405,2019-05-17 21:00:00,12,23.0,1.0,40.0,1.0
406,2019-05-17 22:00:00,12,16.0,1.0,18.0,1.0
407,2019-05-17 23:00:00,12,15.0,1.0,30.0,1.0
408,2019-05-18 00:00:00,12,27.0,1.0,43.0,1.0
409,2019-05-18 01:00:00,12,21.0,1.0,36.0,1.0
410,2019-05-18 02:00:00,12,20.0,1.0,25.0,1.0
411,2019-05-18 03:00:00,12,14.0,1.0,29.0,1.0
412,2019-05-18 04:00:00,12,22.0,1.0,48.0,1.0
413,2019-05-18 05:00:00,12,18.0,1.0,37.0,1.0
414,2019-05-18 06:00:00,12,23.0,1.0,53.0,1.0
415,2019-05-18 07:00:00,12,39.0,1.0,73.0,1.0
416,2019-05-18 08:00:00,12,46.0,1.0,79.0,1.0
417,2019-05-18 09:00:00,12,41.0,1.0,60.0,1.0
418,2019-05-18 10:00:00,12,51.0,1.0,87.0,1.0
419,2019-05-18 11:00:00,12,42.0,2.3,58.0,1.0
420,2019-05-18 12:00:00,12,44.0,1.0,49.0,1.0
421,2019-05-18 13:00:00,12,40.0,1.0,74.0,1.0
422,2019-05-18 14:00:00,12,24.0,1.0,39.0,1.0
423,2019-05-18 15:00:00,12,30.0,1.0,37.0,1.0
424,2019-05-18 16:00:00,12,16.0,1.0,32.0,1.0
425,2019-05-18 17:00:00,12,22.0,1.0,48.0,1.0
426,2019-05-18 18:00:00,12,22.0,1.0,40.0,1.0
427,2019-05-18 19:00:00,12,18.0,1.0,51.0,1.0
428,2019-05-18 20:00:00,12,17.0,1.0,42.0,1.0
429,2019-05-18 21:00:00,12,12.0,1.0,37.0,1.0
430,2019-05-18 22:00:00,12,9.0,1.0,44.0,1.0
431,2019-05-18 23:00:00,12,12.0,1.0,38.0,1.0
432,2019-05-19 00:00:00,12,18.0,1.0,35.0,1.0
433,2019-05-19 01:00:00,12,23.0,1.0,41.0,1.0
434,2019-05-19 02:00:00,12,24.0,1.0,40.0,1.0
435,2019-05-19 03:00:00,12,25.0,1.0,36.0,1.0
436,2019-05-19 04:00:00,12,20.0,1.0,25.0,1.0
437,2019-05-19 05:00:00,12,14.0,1.0,25.0,1.0
438,2019-05-19 06:00:00,12,20.0,1.0,31.0,1.0
439,2019-05-19 07:00:00,12,22.0,1.0,30.0,2.1
441,2019-05-19 09:00:00,12,29.0,1.0,44.0,1.0
442,2019-05-19 10:00:00,12,23.0,1.0,27.0,2.1
443,2019-05-19 11:00:00,12,24.0,1.0,35.0,1.0
445,2019-05-19 13:00:00,12,23.0,1.0,36.0,1.0
446,2019-05-19 14:00:00,12,20.0,1.0,37.0,1.0
447,2019-05-19 15:00:00,12,4.0,2.1,20.0,2.1
448,2019-05-19 16:00:00,12,9.0,1.0,13.0,2.1
449,2019-05-19 17:00:00,12,11.0,1.0,20.0,2.1
450,2019-05-19 18:00:00,12,8.0,1.0,10.0,2.1
451,2019-05-19 19:00:00,12,6.0,2.1,25.0,2.1
452,2019-05-19 20:00:00,12,5.0,2.1,17.0,2.1
453,2019-05-19 21:00:00,12,13.0,1.0,22.0,2.1
454,2019-05-19 22:00:00,12,22.0,1.0,23.0,1.0
455,2019-05-19 23:00:00,12,10.0,1.0,20.0,2.1
456,2019-05-20 00:00:00,12,5.0,1.0,9.0,2.1
457,2019-05-20 01:00:00,12,6.0,2.1,19.0,1.0
458,2019-05-20 02:00:00,12,11.0,1.0,16.0,1.0
459,2019-05-20 03:00:00,12,12.0,1.0,13.0,2.1
460,2019-05-20 04:00:00,12,10.0,2.1,18.0,1.0
461,2019-05-20 05:00:00,12,8.0,2.1,22.0,1.0
462,2019-05-20 06:00:00,12,34.0,1.0,47.0,1.0
463,2019-05-20 07:00:00,12,31.0,1.0,46.0,1.0
464,2019-05-20 08:00:00,12,41.0,1.0,68.0,1.0
465,2019-05-20 09:00:00,12,47.0,1.0,76.0,1.0
466,2019-05-20 10:00:00,12,48.0,1.0,70.0,1.0
467,2019-05-20 11:00:00,12,31.0,1.0,58.0,1.0
469,2019-05-20 13:00:00,12,46.0,1.0,71.0,1.0
470,2019-05-20 14:00:00,12,30.0,1.0,63.0,1.0
471,2019-05-20 15:00:00,12,31.0,1.0,55.0,1.0
472,2019-05-20 16:00:00,12,23.0,1.0,32.0,1.0
473,2019-05-20 17:00:00,12,22.0,1.0,41.0,1.0
474,2019-05-20 18:00:00,12,24.0,1.0,49.0,1.0
475,2019-05-20 19:00:00,12,22.0,1.0,39.0,1.0
476,2019-05-20 20:00:00,12,16.0,1.0,35.0,1.0
477,2019-05-20 21:00:00,12,16.0,1.0,32.0,1.0
478,2019-05-20 22:00:00,12,13.0,1.0,36.0,1.0
479,2019-05-20 23:00:00,12,11.0,1.0,17.0,2.1
480,2019-05-21 00:00:00,12,7.0,1.0,18.0,2.1
481,2019-05-21 01:00:00,12,4.0,2.1,27.0,1.0
482,2019-05-21 02:00:00,12,5.0,2.1,23.0,1.0
483,2019-05-21 03:00:00,12,9.0,1.0,18.0,1.0
484,2019-05-21 04:00:00,12,13.0,1.0,14.0,2.1
485,2019-05-21 05:00:00,12,17.0,1.0,27.0,1.0
486,2019-05-21 06:00:00,12,17.0,1.0,26.0,1.0
487,2019-05-21 07:00:00,12,39.0,1.0,52.0,1.0
488,2019-05-21 08:00:00,12,49.0,1.0,82.0,1.0
489,2019-05-21 09:00:00,12,54.0,1.0,79.0,1.0
490,2019-05-21 10:00:00,12,36.0,1.0,45.0,1.0
491,2019-05-21 11:00:00,12,41.0,1.0,62.0,1.0
493,2019-05-21 13:00:00,12,55.0,1.0,78.0,1.0
494,2019-05-21 14:00:00,12,41.0,1.0,67.0,1.0
495,2019-05-21 15:00:00,12,35.0,1.0,57.0,1.0
496,2019-05-21 16:00:00,12,26.0,1.0,46.0,1.0
497,2019-05-21 17:00:00,12,17.0,1.0,35.0,1.0
498,2019-05-21 18:00:00,12,13.0,1.0,51.0,1.0
499,2019-05-21 19:00:00,12,23.0,1.0,45.0,1.0
500,2019-05-21 20:00:00,12,38.0,1.0,89.0,1.0
501,2019-05-21 21:00:00,12,20.0,1.0,49.0,1.0
502,2019-05-21 22:00:00,12,14.0,1.0,35.0,1.0
503,2019-05-21 23:00:00,12,8.0,1.0,26.0,1.0
504,2019-05-22 00:00:00,12,2.0,2.1,18.0,2.1
505,2019-05-22 01:00:00,12,2.0,2.1,15.0,2.1
508,2019-05-22 04:00:00,12,10.0,2.1,21.0,1.0
509,2019-05-22 05:00:00,12,14.0,1.0,16.0,2.1
510,2019-05-22 06:00:00,12,18.0,1.0,26.0,1.0
511,2019-05-22 07:00:00,12,26.0,1.0,32.0,2.1
512,2019-05-22 08:00:00,12,32.0,1.0,50.0,1.0
513,2019-05-22 09:00:00,12,45.0,1.0,68.0,1.0
514,2019-05-22 10:00:00,12,42.0,1.0,73.0,1.0
515,2019-05-22 11:00:00,12,38.0,1.0,49.0,1.0
516,2019-05-22 12:00:00,12,46.0,1.0,49.0,1.0
517,2019-05-22 13:00:00,12,39.0,1.0,78.0,1.0
518,2019-05-22 14:00:00,12,21.0,1.0,52.0,1.0
519,2019-05-22 15:00:00,12,24.0,1.0,41.0,1.0
520,2019-05-22 16:00:00,12,22.0,1.0,63.0,1.0
521,2019-05-22 17:00:00,12,22.0,1.0,56.0,1.0
522,2019-05-22 18:00:00,12,31.0,1.0,58.0,1.0
523,2019-05-22 19:00:00,12,29.0,1.0,56.0,1.0
524,2019-05-22 20:00:00,12,27.0,1.0,53.0,1.0
525,2019-05-22 21:00:00,12,34.0,1.0,62.0,1.0
526,2019-05-22 22:00:00,12,47.0,2.3,76.0,1.0
527,2019-05-22 23:00:00,12,13.0,1.0,27.0,1.0
528,2019-05-23 00:00:00,12,9.0,1.0,20.0,1.0
529,2019-05-23 01:00:00,12,11.0,1.0,14.0,2.1
530,2019-05-23 02:00:00,12,13.0,1.0,19.0,1.0
531,2019-05-23 03:00:00,12,13.0,1.0,19.0,1.0
532,2019-05-23 04:00:00,12,9.0,2.1,19.0,1.0
533,2019-05-23 05:00:00,12,18.0,1.0,25.0,1.0
534,2019-05-23 06:00:00,12,21.0,1.0,41.0,1.0
535,2019-05-23 07:00:00,12,27.0,1.0,49.0,1.0
536,2019-05-23 08:00:00,12,36.0,1.0,80.0,1.0
537,2019-05-23 09:00:00,12,19.0,1.0,54.0,1.0
538,2019-05-23 10:00:00,12,33.0,1.0,59.0,1.0
539,2019-05-23 11:00:00,12,26.0,1.0,47.0,1.0
540,2019-05-23 12:00:00,12,34.0,1.0,56.0,1.0
542,2019-05-23 14:00:00,12,37.0,1.0,57.0,1.0
543,2019-05-23 15:00:00,12,37.0,1.0,54.0,1.0
544,2019-05-23 16:00:00,12,34.0,1.0,47.0,1.0
545,2019-05-23 17:00:00,12,46.0,1.0,87.0,2.2
546,2019-05-23 18:00:00,12,27.0,1.0,53.0,1.0
547,2019-05-23 19:00:00,12,37.0,1.0,56.0,1.0
548,2019-05-23 20:00:00,12,29.0,1.0,51.0,1.0
549,2019-05-23 21:00:00,12,24.0,1.0,45.0,1.0
550,2019-05-23 22:00:00,12,32.0,1.0,50.0,1.0
551,2019-05-23 23:00:00,12,37.0,2.3,50.0,1.0
552,2019-05-24 00:00:00,12,34.0,1.0,49.0,1.0
553,2019-05-24 01:00:00,12,34.0,1.0,55.0,1.0
554,2019-05-24 02:00:00,12,39.0,1.0,47.0,1.0
555,2019-05-24 03:00:00,12,36.0,1.0,50.0,1.0
556,2019-05-24 04:00:00,12,34.0,1.0,54.0,1.0
557,2019-05-24 05:00:00,12,34.0,2.3,44.0,1.0
558,2019-05-24 06:00:00,12,25.0,1.0,56.0,1.0
559,2019-05-24 07:00:00,12,21.0,1.0,62.0,1.0
560,2019-05-24 08:00:00,12,40.0,1.0,75.0,1.0
561,2019-05-24 09:00:00,12,38.0,1.0,73.0,1.0
562,2019-05-24 10:00:00,12,19.0,1.0,39.0,1.0
563,2019-05-24 11:00:00,12,26.0,1.0,42.0,1.0
564,2019-05-24 12:00:00,12,44.0,1.0,59.0,1.0
565,2019-05-24 13:00:00,12,36.0,1.0,55.0,1.0
566,2019-05-24 14:00:00,12,47.0,1.0,54.0,1.0
567,2019-05-24 15:00:00,12,36.0,1.0,55.0,1.0
568,2019-05-24 16:00:00,12,20.0,1.0,64.0,1.0
569,2019-05-24 17:00:00,12,16.0,1.0,35.0,1.0
570,2019-05-24 18:00:00,12,17.0,1.0,69.0,1.0
571,2019-05-24 19:00:00,12,27.0,1.0,70.0,1.0
572,2019-05-24 20:00:00,12,26.0,1.0,50.0,1.0
573,2019-05-24 21:00:00,12,11.0,1.0,18.0,2.1
574,2019-05-24 22:00:00,12,5.0,2.1,9.0,2.1
575,2019-05-24 23:00:00,12,2.0,2.1,23.0,1.0
576,2019-05-25 00:00:00,12,3.0,2.1,33.0,1.0
577,2019-05-25 01:00:00,12,17.0,1.0,30.0,1.0
578,2019-05-25 02:00:00,12,23.0,1.0,35.0,1.0
579,2019-05-25 03:00:00,12,26.0,1.0,34.0,1.0
580,2019-05-25 04:00:00,12,21.0,1.0,35.0,1.0
581,2019-05-25 05:00:00,12,23.0,1.0,30.0,1.0
582,2019-05-25 06:00:00,12,24.0,1.0,38.0,1.0
583,2019-05-25 07:00:00,12,40.0,1.0,65.0,1.0
584,2019-05-25 08:00:00,12,48.0,1.0,83.0,1.0
585,2019-05-25 09:00:00,12,44.0,1.0,73.0,1.0
586,2019-05-25 10:00:00,12,31.0,1.0,70.0,1.0
587,2019-05-25 11:00:00,12,29.0,1.0,48.0,1.0
588,2019-05-25 12:00:00,12,29.0,1.0,42.0,1.0
589,2019-05-25 13:00:00,12,37.0,1.0,44.0,1.0
590,2019-05-25 14:00:00,12,26.0,1.0,43.0,1.0
591,2019-05-25 15:00:00,12,17.0,1.0,34.0,1.0
592,2019-05-25 16:00:00,12,20.0,1.0,50.0,1.0
593,2019-05-25 17:00:00,12,20.0,1.0,56.0,1.0
594,2019-05-25 18:00:00,12,20.0,1.0,45.0,1.0
595,2019-05-25 19:00:00,12,33.0,1.0,68.0,1.0
596,2019-05-25 20:00:00,12,27.0,1.0,58.0,1.0
597,2019-05-25 21:00:00,12,27.0,1.0,53.0,1.0
598,2019-05-25 22:00:00,12,16.0,1.0,31.0,1.0
599,2019-05-25 23:00:00,12,20.0,1.0,28.0,1.0
600,2019-05-26 00:00:00,12,21.0,1.0,30.0,1.0
601,2019-05-26 01:00:00,12,9.0,2.1,20.0,1.0
602,2019-05-26 02:00:00,12,9.0,2.1,15.0,2.1
603,2019-05-26 03:00:00,12,10.0,1.0,27.0,1.0
604,2019-05-26 04:00:00,12,10.0,2.1,32.0,1.0
605,2019-05-26 05:00:00,12,11.0,2.1,24.0,1.0
606,2019-05-26 06:00:00,12,16.0,1.0,35.0,1.0
607,2019-05-26 07:00:00,12,21.0,1.0,40.0,1.0
608,2019-05-26 08:00:00,12,15.0,2.1,38.0,1.0
609,2019-05-26 09:00:00,12,30.0,1.0,52.0,1.0
610,2019-05-26 10:00:00,12,35.0,1.0,40.0,1.0
611,2019-05-26 11:00:00,12,24.0,1.0,35.0,1.0
612,2019-05-26 12:00:00,12,34.0,1.0,34.0,1.0
613,2019-05-26 13:00:00,12,35.0,1.0,49.0,1.0
614,2019-05-26 14:00:00,12,31.0,1.0,42.0,1.0
615,2019-05-26 15:00:00,12,23.0,1.0,33.0,1.0
616,2019-05-26 16:00:00,12,14.0,1.0,18.0,2.1
617,2019-05-26 17:00:00,12,10.0,1.0,26.0,1.0
618,2019-05-26 18:00:00,12,7.0,1.0,18.0,2.1
619,2019-05-26 19:00:00,12,10.0,1.0,27.0,2.1
620,2019-05-26 20:00:00,12,6.0,2.1,24.0,2.1
621,2019-05-26 21:00:00,12,9.0,1.0,22.0,2.1
622,2019-05-26 22:00:00,12,10.0,1.0,17.0,1.0
623,2019-05-26 23:00:00,12,8.0,1.0,16.0,2.1
626,2019-05-27 02:00:00,12,2.0,2.1,20.0,1.0
627,2019-05-27 03:00:00,12,3.0,2.1,10.0,2.1
628,2019-05-27 04:00:00,12,2.0,2.1,10.0,2.1
629,2019-05-27 05:00:00,12,4.0,2.1,16.0,2.1
630,2019-05-27 06:00:00,12,19.0,1.0,24.0,2.1
631,2019-05-27 07:00:00,12,19.0,1.0,27.0,2.1
632,2019-05-27 08:00:00,12,25.0,1.0,42.0,1.0
633,2019-05-27 09:00:00,12,26.0,1.0,46.0,1.0
634,2019-05-27 10:00:00,12,34.0,1.0,50.0,1.0
635,2019-05-27 11:00:00,12,40.0,1.0,70.0,1.0
636,2019-05-27 12:00:00,12,35.0,1.0,66.0,1.0
637,2019-05-27 13:00:00,12,46.0,1.0,55.0,1.0
638,2019-05-27 14:00:00,12,48.0,1.0,65.0,1.0
639,2019-05-27 15:00:00,12,33.0,1.0,58.0,1.0
640,2019-05-27 16:00:00,12,34.0,1.0,51.0,1.0
641,2019-05-27 17:00:00,12,32.0,1.0,50.0,1.0
642,2019-05-27 18:00:00,12,35.0,1.0,101.0,2.3
643,2019-05-27 19:00:00,12,18.0,1.0,65.0,1.0
644,2019-05-27 20:00:00,12,14.0,1.0,57.0,1.0
645,2019-05-27 21:00:00,12,11.0,1.0,42.0,1.0
646,2019-05-27 22:00:00,12,14.0,1.0,33.0,1.0
647,2019-05-27 23:00:00,12,17.0,1.0,25.0,1.0
648,2019-05-28 00:00:00,12,11.0,1.0,22.0,1.0
649,2019-05-28 01:00:00,12,13.0,1.0,21.0,1.0
650,2019-05-28 02:00:00,12,11.0,1.0,27.0,1.0
651,2019-05-28 03:00:00,12,8.0,2.1,27.0,1.0
652,2019-05-28 04:00:00,12,9.0,2.1,24.0,1.0
653,2019-05-28 05:00:00,12,17.0,1.0,18.0,1.0
654,2019-05-28 06:00:00,12,19.0,1.0,37.0,1.0
655,2019-05-28 07:00:00,12,21.0,1.0,50.0,1.0
656,2019-05-28 08:00:00,12,27.0,1.0,68.0,1.0
657,2019-05-28 09:00:00,12,27.0,1.0,59.0,1.0
658,2019-05-28 10:00:00,12,19.0,1.0,41.0,1.0
659,2019-05-28 11:00:00,12,36.0,1.0,59.0,1.0
660,2019-05-28 12:00:00,12,25.0,1.0,55.0,1.0
661,2019-05-28 13:00:00,12,32.0,1.0,67.0,1.0
662,2019-05-28 14:00:00,12,28.0,1.0,47.0,1.0
663,2019-05-28 15:00:00,12,32.0,1.0,50.0,1.0
664,2019-05-28 16:00:00,12,16.0,1.0,55.0,1.0
665,2019-05-28 17:00:00,12,31.0,1.0,51.0,1.0
666,2019-05-28 18:00:00,12,23.0,1.0,48.0,1.0
667,2019-05-28 19:00:00,12,33.0,1.0,59.0,1.0
668,2019-05-28 20:00:00,12,24.0,1.0,44.0,1.0
669,2019-05-28 21:00:00,12,28.0,1.0,36.0,1.0
670,2019-05-28 22:00:00,12,27.0,1.0,51.0,1.0
671,2019-05-28 23:00:00,12,31.0,1.0,46.0,1.0
672,2019-05-29 00:00:00,12,33.0,1.0,48.0,1.0
673,2019-05-29 01:00:00,12,25.0,1.0,47.0,1.0
674,2019-05-29 02:00:00,12,24.0,1.0,60.0,1.0
675,2019-05-29 03:00:00,12,20.0,1.0,45.0,1.0
676,2019-05-29 04:00:00,12,22.0,1.0,38.0,1.0
677,2019-05-29 05:00:00,12,25.0,1.0,46.0,1.0
678,2019-05-29 06:00:00,12,43.0,2.3,83.0,2.3
679,2019-05-29 07:00:00,12,50.0,1.0,112.0,1.0
680,2019-05-29 08:00:00,12,42.0,1.0,68.0,1.0
681,2019-05-29 09:00:00,12,62.0,1.0,86.0,1.0
682,2019-05-29 10:00:00,12,49.0,1.0,70.0,1.0
683,2019-05-29 11:00:00,12,37.0,1.0,52.0,1.0
684,2019-05-29 12:00:00,12,41.0,1.0,46.0,1.0
685,2019-05-29 13:00:00,12,42.0,1.0,63.0,1.0
686,2019-05-29 14:00:00,12,37.0,1.0,47.0,1.0
687,2019-05-29 15:00:00,12,28.0,1.0,48.0,1.0
688,2019-05-29 16:00:00,12,24.0,1.0,43.0,1.0
689,2019-05-29 17:00:00,12,21.0,1.0,54.0,1.0
690,2019-05-29 18:00:00,12,17.0,1.0,76.0,1.0
691,2019-05-29 19:00:00,12,2.0,2.1,16.0,2.1
692,2019-05-29 20:00:00,12,3.0,2.1,26.0,2.1
693,2019-05-29 21:00:00,12,7.0,1.0,42.0,1.0
694,2019-05-29 22:00:00,12,12.0,1.0,13.0,2.1
695,2019-05-29 23:00:00,12,7.0,1.0,26.0,1.0
696,2019-05-30 00:00:00,12,16.0,1.0,38.0,1.0
697,2019-05-30 01:00:00,12,8.0,2.1,20.0,1.0
698,2019-05-30 02:00:00,12,7.0,2.1,23.0,1.0
699,2019-05-30 03:00:00,12,11.0,1.0,12.0,2.1
700,2019-05-30 04:00:00,12,9.0,2.1,17.0,1.0
701,2019-05-30 05:00:00,12,20.0,1.0,29.0,1.0
702,2019-05-30 06:00:00,12,28.0,1.0,41.0,1.0
703,2019-05-30 07:00:00,12,27.0,1.0,61.0,1.0
704,2019-05-30 08:00:00,12,27.0,1.0,56.0,1.0
705,2019-05-30 09:00:00,12,31.0,1.0,62.0,1.0
706,2019-05-30 10:00:00,12,33.0,1.0,69.0,1.0
707,2019-05-30 11:00:00,12,28.0,1.0,35.0,1.0
708,2019-05-30 12:00:00,12,17.0,1.0,43.0,1.0
709,2019-05-30 13:00:00,12,26.0,1.0,29.0,1.0
710,2019-05-30 14:00:00,12,36.0,1.0,52.0,1.0
711,2019-05-30 15:00:00,12,47.0,1.0,59.0,1.0
712,2019-05-30 16:00:00,12,55.0,1.0,73.0,1.0
713,2019-05-30 17:00:00,12,34.0,1.0,69.0,1.0
714,2019-05-30 18:00:00,12,37.0,1.0,65.0,1.0
715,2019-05-30 19:00:00,12,24.0,1.0,61.0,1.0
716,2019-05-30 20:00:00,12,30.0,1.0,50.0,1.0
717,2019-05-30 21:00:00,12,24.0,1.0,58.0,1.0
718,2019-05-30 22:00:00,12,35.0,1.0,76.0,1.0
719,2019-05-30 23:00:00,12,32.0,1.0,66.0,1.0
720,2019-05-31 00:00:00,12,33.0,1.0,65.0,1.0
721,2019-05-31 01:00:00,12,39.0,1.0,67.0,1.0
722,2019-05-31 02:00:00,12,40.0,1.0,58.0,1.0
723,2019-05-31 03:00:00,12,39.0,1.0,71.0,1.0
724,2019-05-31 04:00:00,12,43.0,1.0,65.0,1.0
725,2019-05-31 05:00:00,12,34.0,1.0,57.0,1.0
726,2019-05-31 06:00:00,12,42.0,1.0,68.0,1.0
727,2019-05-31 07:00:00,12,48.0,1.0,87.0,1.0
728,2019-05-31 08:00:00,12,55.0,1.0,99.0,1.0
729,2019-05-31 09:00:00,12,77.0,1.0,111.0,1.0
730,2019-05-31 10:00:00,12,63.0,1.0,91.0,1.0
731,2019-05-31 11:00:00,12,40.0,1.0,48.0,1.0
732,2019-05-31 12:00:00,12,59.0,1.0,77.0,1.0
733,2019-05-31 13:00:00,12,49.0,1.0,78.0,1.0
734,2019-05-31 14:00:00,12,37.0,1.0,52.0,1.0
735,2019-05-31 15:00:00,12,26.0,1.0,46.0,1.0
736,2019-05-31 16:00:00,12,53.0,1.0,89.0,1.0
737,2019-05-31 17:00:00,12,34.0,1.0,67.0,1.0
738,2019-05-31 18:00:00,12,37.0,1.0,66.0,1.0
739,2019-05-31 19:00:00,12,27.0,1.0,69.0,1.0
740,2019-05-31 20:00:00,12,19.0,1.0,50.0,1.0
741,2019-05-31 21:00:00,12,6.0,2.1,11.0,2.1
742,2019-05-31 22:00:00,12,4.0,2.1,20.0,1.0
743,2019-05-31 23:00:00,12,9.0,1.0,30.0,1.0
